Jason Martinez,987 Pine Ave,555-4567,jason.martinez@email.com
Emily Hernandez,987 Pine Ave,555-4567,emily.hernandez@email.com
Linda Davis,987 Maple St,555-0123,linda.davis@email.com
Brian Lee,987 Elm St,555-3456,brian.lee@example.com
Catherine Hernandez,987 Cedar St,555-2345,catherine.hernandez@email.com
Vanessa Davis,987 Cedar Ave,555-8901,vanessa.davis@email.com
Mark Johnson,9012 Lime Rd,555-6789,mark.johnson@example.com
Samantha Green,890 Plum St,555-4567,samantha.green@example.com
Jennifer Davis,890 Oak St,555-2345,jennifer.davis@email.com
Angela Hernandez,890 Cedar Ave,555-6789,angela.hernandez@email.com
Eva Wilson,888 Cherry Blvd,555-6789,eva.wilson@example.com
Sarah Thompson,876 Cedar St,555-0123,sarah.thompson@email.com
William Kim,7890 Banana St,555-4567,william.kim@example.com
Eric Martinez,789 Pine St,555-2345,eric.martinez@email.com
Jacob Martinez,789 Pine Ave,555-0123,jacob.martinez@email.com
Lila Patel,789 Oak Rd,555-9012,lila.patel@example.com
Bob Johnson,789 Maple St,555-9012,bob.johnson@email.com
Daniel Williams,789 Cedar St,555-8901,daniel.williams@email.com
Christopher Williams,789 Cedar Ave,555-6789,christopher.williams@email.com
Emily Cox,765 Hilltop Road,424-555-7547,emily.cox@example.com
Chris Brown,735 Apple Ln,555-2345,chris.brown@example.com
Matthew Brown,654 Pine St,555-4567,matthew.brown@email.com
Brian Rodriguez,654 Pine Ave,555-8901,brian.rodriguez@email.com
Stephanie Garcia,654 Oak Ave,555-8901,stephanie.garcia@email.com
Anthony Rodriguez,654 Maple St,555-0123,anthony.rodriguez@email.com
Kevin Brown,654 Cedar Ave,555-6789,kevin.brown@email.com
Melissa Nguyen,5678 Lemon Ln,555-2345,melissa.nguyen@example.com
Michael Brown,567 Pine St,555-7890,michael.brown@email.com
David Thompson,555 Peachtree St,555-0123,david.thompson@example.com
Noah Wright,4922 Lynn Avenue,503-555-0285,noah.wright@example.com
Avery Howard,4894 Anmoore Road,509-555-9474,avery.howard@example.com
Avery Nelson,4769 Winding Way,520-555-0111,avery.nelson@example.com
Lucas Perez,4720 Whitetail Lane,414-555-6187,lucas.perez@example.com
Nicholas Davis,4680 Tangerine Ln,555-8901,nicholas.davis@example.com
Daniel Taylor,4680 Strawberry Dr,555-0123,daniel.taylor@example.com
Elizabeth Kim,4680 Peach Ln,555-6789,elizabeth.kim@example.com
David Brown,4680 Lemon Ave,555-2345,david.brown@example.com
Emma Johnson,4680 Fig Blvd,555-8901,emma.johnson@example.com
Sophia Lee,4680 Cantaloupe Ave,555-6789,sophia.lee@example.com
Aria Taylor,4680 Blueberry St,555-0123,aria.taylor@example.com
John Davis,456 Pine St,555-5678,john.davis@example.com
Ashley Johnson,456 Pine St,555-2345,ashley.johnson@email.com
Jane Doe,456 Oak Ave,555-5678,jane.doe@email.com
Amanda Johnson,456 Maple Ave,555-4567,amanda.johnson@email.com
Rebecca Johnson,456 Cedar St,555-0123,rebecca.johnson@email.com
Melissa Thompson,456 Cedar Ave,555-8901,melissa.thompson@email.com
Katie Thompson,456 Cedar Ave,555-6789,katie.thompson@email.com
Liam Rivera,4479 Redbud Drive,217-555-8656,liam.rivera@example.com
David Wilson,432 Maple Ave,555-6789,david.wilson@email.com
Isabella Gonzalez,4299 George Avenue,706-555-4113,isabella.gonzalez@example.com
Kaleb Williams,4174 Sardis Sta,617-555-9605,kaleb.williams@example.com
Sophia Anderson,4066 Laurel Lane,201-555-1094,sophia.anderson@example.com
Mia Moore,4042 Eagle Street,573-555-9003,mia.moore@example.com
Grace Allen,4015 Stout Street,806-555-9349,grace.allen@example.com
Samantha Campbell,3906 Wilshire Blvd,708-555-3984,samantha.campbell@example.com
Elijah Adams,3779 Pinewood Avenue,256-555-5514,elijah.adams@example.com
Landon Jackson,3651 Tail Ends Road,505-555-5167,landon.jackson@example.com
Ian Wilson,3627 Roosevelt Avenue,808-555-2489,ian.wilson@example.com
Ryan Turner,3523 Hudson Street,585-555-5438,ryan.turner@example.com
Emily Rodriguez,3456 Grape Blvd,555-0123,emily.rodriguez@example.com
Hannah Baker,3415 Rockville Road,774-555-1445,hannah.baker@example.com
Ethan Mitchell,3394 Raccoon Run,973-555-2866,ethan.mitchell@example.com
Jessica Jones,321 Pine Ave,555-2345,jessica.jones@email.com
George Rodriguez,321 Maple St,555-2345,george.rodriguez@email.com
Taylor Jones,321 Maple Ave,555-0123,taylor.jones@email.com
Samantha Lee,321 Elm St,555-3456,samantha.lee@email.com
Lauren Garcia,321 Cedar St,555-4567,lauren.garcia@email.com
Rachel Garcia,321 Cedar Ave,555-6789,rachel.garcia@email.com
Owen Coleman,2902 Vesta Drive,802-555-0499,owen.coleman@example.com
Carter Edwards,2708 Timber Ridge Road,317-555-1229,carter.edwards@example.com
Collin Brown,2632 Hamilton Drive,209-555-1347,collin.brown@example.com
Lila Johnson,2612 Sunny Street,336-555-5084,lila.johnson@example.com
Andrew Wilson,2468 Plum Rd,555-0123,andrew.wilson@example.com
Natalie Johnson,2468 Pineapple Dr,555-2345,natalie.johnson@example.com
Linda Davis,2468 Pineapple Ave,555-8901,linda.davis@example.com
Matthew Davis,2468 Mango St,555-8901,matthew.davis@example.com
Ethan Davis,2468 Mango Rd,555-4567,ethan.davis@example.com
Jacob Martinez,2468 Honeydew St,555-0123,jacob.martinez@example.com
Olivia Wilson,2468 Blueberry Ln,555-6789,olivia.wilson@example.com
Jenna Kim,2465 Main St,555-7890,jenna.kim@example.com
Leah Jones,2402 Roguski Road,240-555-0597,leah.jones@example.com
Aaliyah Foster,2166 Retreat Avenue,208-555-1008,aaliyah.foster@example.com
Madison Martinez,1992 Goldie Lane,951-555-9047,madison.martinez@example.com
Gabriel Nelson,1882 West Street,814-555-8911,gabriel.nelson@example.com
Bella Parker,1731 Green Hill Road,585-555-7006,bella.parker@example.com
Addison Hernandez,1497 Woodlawn Avenue,201-555-4011,addison.hernandez@example.com
Brooke Scott,1486 Old Dear Lane,907-555-7498,brooke.scott@example.com
Makayla King,1394 University Drive,408-555-2922,makayla.king@example.com
Mason Lee,1357 Watermelon Dr,555-2345,mason.lee@example.com
Sophia Nguyen,1357 Raspberry Blvd,555-4567,sophia.nguyen@example.com
Ella Wilson,1357 Plum Blvd,555-8901,ella.wilson@example.com
Avery Martinez,1357 Pear St,555-4567,avery.martinez@example.com
Brandon Kim,1357 Orange Blossom Blvd,555-6789,brandon.kim@example.com
Avery Brown,1357 Orange Ave,555-2345,avery.brown@example.com
Anthony Smith,1357 Kiwi Rd,555-2345,anthony.smith@example.com
Mia Nguyen,1357 Grapefruit Rd,555-4567,mia.nguyen@example.com
William Taylor,1285 Rose Street,661-555-0139,william.taylor@example.com
Michael Chen,1234 Olive Dr,555-8901,michael.chen@example.com
Leah White,1234 Maple Ave,555-1234,leah.white@example.com
Mark Wilson,123 Pine Ave,555-4567,mark.wilson@email.com
Joshua Smith,123 Pine Ave,555-6789,joshua.smith@email.com
Robert Smith,123 Oak St,555-0123,robert.smith@email.com
Nicholas Wilson,123 Maple St,555-2345,nicholas.wilson@email.com
John Smith,123 Main St,555-1234,john.smith@email.com
Jonathan Smith,123 Cedar Ave,555-8901,jonathan.smith@email.com
